{"pools":[{"rolls":1,"entries":[{"type":"minecraft:item","name":"minecraft:blue_ice","functions":[{"function":"minecraft:set_nbt","tag":"{rwt:{maxUses:6,buy:{id:\"minecraft:emerald\",Count:6b}}}"}]},{"type":"minecraft:item","name":"minecraft:packed_ice","functions":[{"function":"minecraft:set_nbt","tag":"{rwt:{maxUses:6,buy:{id:\"minecraft:emerald\",Count:3b}}}"}]},{"type":"minecraft:item","name":"minecraft:ice","functions":[{"function":"minecraft:set_nbt","tag":"{rwt:{maxUses:6,buy:{id:\"minecraft:emerald\",Count:1b}}}"}]}]}]}