{"pools":[{"rolls":1,"entries":[{"type":"minecraft:item","name":"minecraft:enchanted_book","functions":[{"function":"minecraft:set_nbt","tag":"{StoredEnchantments:[{lvl:3s,id:\"minecraft:frost_walker\"}],rwt:{maxUses:2,buy:{id:\"minecraft:emerald\",Count:11b}}}"}]},{"type":"minecraft:item","name":"minecraft:enchanted_book","functions":[{"function":"minecraft:set_nbt","tag":"{StoredEnchantments:[{lvl:2s,id:\"minecraft:frost_walker\"}],rwt:{maxUses:2,buy:{id:\"minecraft:emerald\",Count:8b}}}"}]},{"type":"minecraft:item","name":"minecraft:enchanted_book","functions":[{"function":"minecraft:set_nbt","tag":"{StoredEnchantments:[{lvl:1s,id:\"minecraft:frost_walker\"}],rwt:{maxUses:2,buy:{id:\"minecraft:emerald\",Count:5b}}}"}]}]}]}