{"pools":[{"rolls":1,"entries":[{"type":"minecraft:item","name":"minecraft:emerald","weight":60,"functions":[{"function":"minecraft:set_nbt","tag":"{rwt:{maxUses:8,buy:{id:\"minecraft:torch\",Count:8b}}}"}]},{"type":"minecraft:item","name":"minecraft:glow_lichen","weight":20,"functions":[{"function":"minecraft:set_nbt","tag":"{rwt:{maxUses:4,buy:{id:\"minecraft:emerald\",Count:5b}}}"},{"function":"minecraft:set_count","count":2}]},{"type":"minecraft:item","name":"minecraft:glow_berries","weight":20,"functions":[{"function":"minecraft:set_nbt","tag":"{rwt:{maxUses:12,buy:{id:\"minecraft:emerald\",Count:1b}}}"},{"function":"minecraft:set_count","count":3}]}]}]}