{"pools":[{"rolls":1,"entries":[{"type":"minecraft:item","name":"minecraft:iron_ore","functions":[{"function":"minecraft:set_nbt","tag":"{rwt:{maxUses:4,buy:{id:\"minecraft:emerald\",Count:2b}}}"},{"function":"minecraft:set_count","count":8}]},{"type":"minecraft:item","name":"minecraft:gold_ore","functions":[{"function":"minecraft:set_nbt","tag":"{rwt:{maxUses:4,buy:{id:\"minecraft:emerald\",Count:1b}}}"},{"function":"minecraft:set_count","count":3}]},{"type":"minecraft:item","name":"minecraft:redstone_ore","functions":[{"function":"minecraft:set_nbt","tag":"{rwt:{maxUses:4,buy:{id:\"minecraft:emerald\",Count:3b}}}"}]},{"type":"minecraft:item","name":"minecraft:lapis_ore","functions":[{"function":"minecraft:set_nbt","tag":"{rwt:{maxUses:4,buy:{id:\"minecraft:emerald\",Count:3b}}}"}]},{"type":"minecraft:item","name":"minecraft:copper_ore","functions":[{"function":"minecraft:set_nbt","tag":"{rwt:{maxUses:4,buy:{id:\"minecraft:emerald\",Count:2b}}}"},{"function":"minecraft:set_count","count":8}]},{"type":"minecraft:item","name":"minecraft:diamond_ore","functions":[{"function":"minecraft:set_nbt","tag":"{rwt:{maxUses:4,buy:{id:\"minecraft:emerald\",Count:5b}}}"}]},{"type":"minecraft:item","name":"minecraft:emerald_ore","functions":[{"function":"minecraft:set_nbt","tag":"{rwt:{maxUses:4,buy:{id:\"minecraft:emerald\",Count:2b}}}"}]},{"type":"minecraft:item","name":"minecraft:deepslate_iron_ore","functions":[{"function":"minecraft:set_nbt","tag":"{rwt:{maxUses:4,buy:{id:\"minecraft:emerald\",Count:2b}}}"},{"function":"minecraft:set_count","count":8}]},{"type":"minecraft:item","name":"minecraft:deepslate_gold_ore","functions":[{"function":"minecraft:set_nbt","tag":"{rwt:{maxUses:4,buy:{id:\"minecraft:emerald\",Count:1b}}}"},{"function":"minecraft:set_count","count":3}]},{"type":"minecraft:item","name":"minecraft:deepslate_redstone_ore","functions":[{"function":"minecraft:set_nbt","tag":"{rwt:{maxUses:4,buy:{id:\"minecraft:emerald\",Count:3b}}}"}]},{"type":"minecraft:item","name":"minecraft:deepslate_lapis_ore","functions":[{"function":"minecraft:set_nbt","tag":"{rwt:{maxUses:4,buy:{id:\"minecraft:emerald\",Count:3b}}}"}]},{"type":"minecraft:item","name":"minecraft:deepslate_copper_ore","functions":[{"function":"minecraft:set_nbt","tag":"{rwt:{maxUses:4,buy:{id:\"minecraft:emerald\",Count:2b}}}"},{"function":"minecraft:set_count","count":8}]},{"type":"minecraft:item","name":"minecraft:deepslate_diamond_ore","functions":[{"function":"minecraft:set_nbt","tag":"{rwt:{maxUses:4,buy:{id:\"minecraft:emerald\",Count:5b}}}"}]},{"type":"minecraft:item","name":"minecraft:deepslate_emerald_ore","functions":[{"function":"minecraft:set_nbt","tag":"{rwt:{maxUses:4,buy:{id:\"minecraft:emerald\",Count:2b}}}"}]}]}]}