{"pools":[{"rolls":1,"entries":[{"type":"minecraft:item","name":"minecraft:pointed_dripstone","weight":50,"functions":[{"function":"minecraft:set_nbt","tag":"{rwt:{maxUses:8,buy:{id:\"minecraft:emerald\",Count:1b}}}"},{"function":"minecraft:set_count","count":2}]},{"type":"minecraft:item","name":"minecraft:dripstone_block","weight":20,"functions":[{"function":"minecraft:set_nbt","tag":"{rwt:{maxUses:8,buy:{id:\"minecraft:emerald\",Count:1b}}}"},{"function":"minecraft:set_count","count":8}]},{"type":"minecraft:item","name":"minecraft:sculk_sensor","weight":20,"functions":[{"function":"minecraft:set_nbt","tag":"{rwt:{maxUses:3,buy:{id:\"minecraft:emerald\",Count:4b}}}"}]},{"type":"minecraft:item","name":"minecraft:pointed_dripstone","weight":10,"functions":[{"function":"minecraft:set_nbt","tag":"{rwt:{maxUses:12,buy:{id:\"minecraft:dripstone_block\",Count:2b}}}"},{"function":"minecraft:set_count","count":5}]}]}]}