{"pools":[{"rolls":1,"entries":[{"type":"minecraft:item","name":"minecraft:splash_potion","functions":[{"function":"minecraft:set_nbt","tag":"{Potion:\"minecraft:long_night_vision\",rwt:{maxUses:3,buy:{id:\"minecraft:emerald\",Count:5b}}}"}]},{"type":"minecraft:item","name":"minecraft:amethyst_shard","functions":[{"function":"minecraft:set_nbt","tag":"{rwt:{maxUses:6,buy:{id:\"minecraft:emerald\",Count:2b}}}"},{"function":"minecraft:set_count","count":4}]},{"type":"minecraft:item","name":"minecraft:budding_amethyst","functions":[{"function":"minecraft:set_nbt","tag":"{rwt:{maxUses:1,buy:{id:\"minecraft:emerald\",Count:48b}}}"}]},{"type":"minecraft:item","name":"minecraft:moss_block","functions":[{"function":"minecraft:set_nbt","tag":"{rwt:{maxUses:3,buy:{id:\"minecraft:emerald\",Count:1b}}}"},{"function":"minecraft:set_count","count":2}]},{"type":"minecraft:item","name":"minecraft:spore_blossom","functions":[{"function":"minecraft:set_nbt","tag":"{rwt:{maxUses:4,buy:{id:\"minecraft:emerald\",Count:2b}}}"}]}]}]}