{"pools":[{"rolls":1,"entries":[{"type":"minecraft:item","name":"minecraft:netherite_pickaxe","weight":1,"functions":[{"function":"minecraft:set_nbt","tag":"{rwt:{maxUses:1,buy:{id:\"minecraft:emerald\",Count:32b}}}"}]},{"type":"minecraft:item","name":"minecraft:diamond_pickaxe","weight":4,"functions":[{"function":"minecraft:set_nbt","tag":"{rwt:{maxUses:1,buy:{id:\"minecraft:emerald\",Count:24b}}}"}]},{"type":"minecraft:item","name":"minecraft:golden_pickaxe","weight":15,"functions":[{"function":"minecraft:set_nbt","tag":"{rwt:{maxUses:1,buy:{id:\"minecraft:emerald\",Count:14b}}}"}]},{"type":"minecraft:item","name":"minecraft:iron_pickaxe","weight":30,"functions":[{"function":"minecraft:set_nbt","tag":"{rwt:{maxUses:1,buy:{id:\"minecraft:emerald\",Count:8b}}}"}]},{"type":"minecraft:item","name":"minecraft:stone_pickaxe","weight":30,"functions":[{"function":"minecraft:set_nbt","tag":"{rwt:{maxUses:1,buy:{id:\"minecraft:emerald\",Count:3b}}}"}]},{"type":"minecraft:item","name":"minecraft:wooden_pickaxe","weight":20,"functions":[{"function":"minecraft:set_nbt","tag":"{rwt:{maxUses:1,buy:{id:\"minecraft:emerald\",Count:1b}}}"}]}],"functions":[{"function":"minecraft:enchant_with_levels","levels":30,"treasure":true,"conditions":[{"condition":"minecraft:random_chance","chance":0.3}]}]}]}