{"pools":[{"rolls":1,"entries":[{"type":"minecraft:item","name":"minecraft:nether_wart","functions":[{"function":"minecraft:set_nbt","tag":"{rwt:{maxUses:8,buy:{id:\"minecraft:quartz\",Count:4b}}}"},{"function":"minecraft:set_count","count":3}]},{"type":"minecraft:item","name":"minecraft:warped_fungus_on_a_stick","functions":[{"function":"minecraft:set_nbt","tag":"{rwt:{maxUses:4,buy:{id:\"minecraft:quartz\",Count:4b}}}"}]},{"type":"minecraft:loot_table","name":"rwt:nether/mushrooms","functions":[{"function":"minecraft:set_nbt","tag":"{rwt:{maxUses:8,buy:{id:\"minecraft:quartz\",Count:2b}}}"},{"function":"minecraft:set_count","count":3}]}]}]}