{"pools":[{"rolls":1,"entries":[{"type":"minecraft:item","name":"minecraft:splash_potion","functions":[{"function":"minecraft:set_nbt","tag":"{Potion:\"minecraft:fire_resistance\",rwt:{maxUses:3,buy:{id:\"minecraft:quartz\",Count:3b}}}"}]},{"type":"minecraft:item","name":"minecraft:emerald","functions":[{"function":"minecraft:set_nbt","tag":"{rwt:{maxUses:4,buy:{id:\"minecraft:quartz\",Count:3b}}}"}]},{"type":"minecraft:item","name":"minecraft:emerald","functions":[{"function":"minecraft:set_nbt","tag":"{rwt:{maxUses:16,buy:{id:\"minecraft:quartz\",Count:1b}}}"},{"function":"minecraft:set_count","count":3}]}]}]}