{"pools":[{"rolls":1,"entries":[{"type":"minecraft:item","name":"minecraft:glowstone","functions":[{"function":"minecraft:set_nbt","tag":"{rwt:{maxUses:16,buy:{id:\"minecraft:quartz\",Count:1b}}}"}]},{"type":"minecraft:item","name":"minecraft:shroomlight","functions":[{"function":"minecraft:set_nbt","tag":"{rwt:{maxUses:16,buy:{id:\"minecraft:quartz\",Count:1b}}}"}]},{"type":"minecraft:item","name":"minecraft:enchanted_book","functions":[{"function":"minecraft:set_nbt","tag":"{StoredEnchantments:[{lvl:2s,id:\"minecraft:soul_speed\"}],rwt:{maxUses:4,buy:{id:\"minecraft:emerald\",Count:7b}}}"}]},{"type":"minecraft:item","name":"minecraft:lodestone","functions":[{"function":"minecraft:set_nbt","tag":"{rwt:{maxUses:2,buy:{id:\"minecraft:quartz\",Count:32b},buyB:{id:\"minecraft:compass\",Count:1b}}}"}]}]}]}