{"pools":[{"rolls":1,"entries":[{"type":"minecraft:item","name":"minecraft:wither_rose","weight":85,"functions":[{"function":"minecraft:set_nbt","tag":"{rwt:{maxUses:16,buy:{id:\"minecraft:quartz\",Count:16b}}}"}]},{"type":"minecraft:item","name":"minecraft:music_disc_pigstep","weight":5,"functions":[{"function":"minecraft:set_nbt","tag":"{rwt:{maxUses:1,buy:{id:\"minecraft:quartz\",Count:16b}}}"}]},{"type":"minecraft:item","name":"minecraft:ancient_debris","weight":10,"functions":[{"function":"minecraft:set_nbt","tag":"{rwt:{maxUses:2,buy:{id:\"minecraft:quartz\",Count:16b}}}"}]}]}]}