{"pools":[{"rolls":1,"entries":[{"type":"minecraft:item","name":"minecraft:sugar_cane","functions":[{"function":"minecraft:set_nbt","tag":"{rwt:{maxUses:8,buy:{id:\"minecraft:emerald\",Count:1b}}}"}]},{"type":"minecraft:item","name":"minecraft:green_dye","functions":[{"function":"minecraft:set_nbt","tag":"{rwt:{maxUses:12,buy:{id:\"minecraft:emerald\",Count:1b}}}"},{"function":"minecraft:set_count","count":3}]},{"type":"minecraft:item","name":"minecraft:cactus","functions":[{"function":"minecraft:set_nbt","tag":"{rwt:{maxUses:8,buy:{id:\"minecraft:emerald\",Count:3b}}}"}]}]}]}