{"pools":[{"rolls":1,"entries":[{"type":"minecraft:item","name":"minecraft:tnt","functions":[{"function":"minecraft:set_nbt","tag":"{rwt:{maxUses:8,buy:{id:\"minecraft:emerald\",Count:4b}}}"}]},{"type":"minecraft:item","name":"minecraft:gunpowder","functions":[{"function":"minecraft:set_nbt","tag":"{rwt:{maxUses:8,buy:{id:\"minecraft:emerald\",Count:1b}}}"}]},{"type":"minecraft:item","name":"minecraft:dead_bush","functions":[{"function":"minecraft:set_nbt","tag":"{rwt:{maxUses:8,buy:{id:\"minecraft:emerald\",Count:1b}}}"}]}]}]}