{
	"criteria": {
		"submit": {
			"trigger": "minecraft:player_hurt_entity",
			"conditions": {
				"damage": {
					"type": {
						"is_projectile": false,
						"is_lightning": false,
						"is_magic": false,
						"is_fire": false,
						"is_explosion": false
					},
					"source_entity": {
						"type": "minecraft:player"
					}
				},
				"entity": {
					"type": "minecraft:wandering_trader",
					"nbt": "{Tags: ['sourcecraft.click_detect.entity']}"
				}
			}
		}
	},
	"rewards": {
		"function": "sourcecraft.5:click_detect/on_left_click"
	}
}