{
  "display": {
    "icon": {
      "item": "minecraft:polished_blackstone_bricks",
      "nbt": "{Enchantments:[{}]}"
    },
    "title": {
      "translate": "In the Hall of the Piglin King"
    },
    "description": {
      "translate": "Enter a Forbidden Castle at your own peril"
    },
    "frame": "goal",
    "show_toast": true,
    "announce_to_chat": true,
    "hidden": false
  },
  "parent": "incendium:ash_barrens/root",
  "criteria": {
    "requirement": {
      "trigger": "minecraft:location",
      "conditions": {
        "player": {
          "location": {
            "structure": "incendium:forbidden_castle"
          }
        }
      }
    }
  }
}
