{"pools":[{"rolls":1,"entries":[{"type":"minecraft:item","name":"minecraft:leather","functions":[{"function":"minecraft:set_nbt","tag":"{rwt:{maxUses:16,buy:{id:\"minecraft:emerald\",Count:1b}}}"}]},{"type":"minecraft:item","name":"minecraft:rabbit_foot","functions":[{"function":"minecraft:set_nbt","tag":"{rwt:{maxUses:8,buy:{id:\"minecraft:emerald\",Count:2b}}}"}]},{"type":"minecraft:item","name":"minecraft:rabbit_hide","functions":[{"function":"minecraft:set_nbt","tag":"{rwt:{maxUses:8,buy:{id:\"minecraft:emerald\",Count:1b}}}"},{"function":"minecraft:set_count","count":3}]}]}]}