{"pools":[{"rolls":1,"entries":[{"type":"minecraft:item","name":"minecraft:leather_boots","weight":30,"functions":[{"function":"minecraft:set_nbt","tag":"{rwt:{maxUses:3,buy:{id:\"minecraft:emerald\",Count:5b}}}"},{"function":"minecraft:set_enchantments","enchantments":{"minecraft:feather_falling":4}}]},{"type":"minecraft:item","name":"minecraft:bow","weight":70,"functions":[{"function":"minecraft:set_nbt","tag":"{rwt:{maxUses:3,buy:{id:\"minecraft:emerald\",Count:5b}}}"},{"function":"minecraft:enchant_with_levels","levels":30,"conditions":[{"condition":"minecraft:random_chance","chance":0.3}]}]}]}]}