{
  "display": {
    "title": "Health Indications",
    "description": "See Player and Mob Health!",
    "icon": {
      "item": "minecraft:player_head",
      "nbt": "{CustomModelData:4150000,SkullOwner:{Id:[I;2074037282,-1219867797,-1269770647,1174675747],Properties:{textures:[{Value:\"eyJ0ZXh0dXJlcyI6eyJTS0lOIjp7InVybCI6Imh0dHA6Ly90ZXh0dXJlcy5taW5lY3JhZnQubmV0L3RleHR1cmUvNWY3N2ViYzQ2MjliOWI4ZDQzOWMxZGExZThlNWI3OWRkZTA2Y2I2NmQ5NTIxN2JkYWE5MTE5MjNkNTcyZmZlOCJ9fX0=\"}]}}}"
    },
    "background": "minecraft:textures/block/black_concrete_powder.png",
    "show_toast": false,
    "announce_to_chat": false
  },
  "parent": "global:danmizu",
  "criteria": {
    "trigger": {
      "trigger": "minecraft:tick"
    }
  }
}