{
  "display": {
    "icon": {
      "item": "minecraft:elytra"
    },
    "title": {
      "translate": "Forged in Flames"
    },
    "description": {
      "translate": "Use the Infernal Feather to upgrade your elytra in a Smithing Table"
    },
    "frame": "task",
    "show_toast": true,
    "announce_to_chat": true,
    "hidden": false
  },
  "parent": "incendium:infernal_dunes/inferno/kill",
  "criteria": {
    "requirement": {
      "trigger": "minecraft:inventory_changed",
      "conditions": {
        "items": [
          {
            "nbt": "{incendium:{item:'infernal_wing'}}",
            "items": [
              "minecraft:elytra"
            ]
          }
        ]
      }
    }
  }
}
