{"pools":[{"rolls":1,"entries":[{"type":"minecraft:loot_table","name":"rwt:ocean/coral","weight":20,"functions":[{"function":"minecraft:set_nbt","tag":"{rwt:{maxUses:8,buy:{id:\"minecraft:emerald\",Count:1b}}}"},{"function":"minecraft:set_count","count":3}]},{"type":"minecraft:loot_table","name":"rwt:ocean/coral_fans","weight":15,"functions":[{"function":"minecraft:set_nbt","tag":"{rwt:{maxUses:8,buy:{id:\"minecraft:emerald\",Count:1b}}}"},{"function":"minecraft:set_count","count":3}]},{"type":"minecraft:loot_table","name":"rwt:ocean/coral_blocks","weight":15,"functions":[{"function":"minecraft:set_nbt","tag":"{rwt:{maxUses:8,buy:{id:\"minecraft:emerald\",Count:3b}}}"},{"function":"minecraft:set_count","count":8}]},{"type":"minecraft:item","name":"minecraft:clay_ball","weight":25,"functions":[{"function":"minecraft:set_nbt","tag":"{rwt:{maxUses:16,buy:{id:\"minecraft:emerald\",Count:1b}}}"},{"function":"minecraft:set_count","count":5}]},{"type":"minecraft:item","name":"minecraft:gravel","weight":25,"functions":[{"function":"minecraft:set_nbt","tag":"{rwt:{maxUses:16,buy:{id:\"minecraft:emerald\",Count:2b}}}"},{"function":"minecraft:set_count","count":8}]}]}]}