{"pools":[{"rolls":1,"entries":[{"type":"minecraft:loot_table","name":"rwt:ocean/fish","functions":[{"function":"minecraft:set_nbt","tag":"{rwt:{maxUses:16,buy:{id:\"minecraft:emerald\",Count:1b}}}"}]},{"type":"minecraft:item","name":"minecraft:ink_sac","functions":[{"function":"minecraft:set_nbt","tag":"{rwt:{maxUses:16,buy:{id:\"minecraft:emerald\",Count:1b}}}"},{"function":"minecraft:set_count","count":5}]},{"type":"minecraft:item","name":"minecraft:glow_ink_sac","functions":[{"function":"minecraft:set_nbt","tag":"{rwt:{maxUses:8,buy:{id:\"minecraft:emerald\",Count:4b}}}"},{"function":"minecraft:set_count","count":4}]}]}]}