{"pools":[{"rolls":1,"entries":[{"type":"minecraft:item","name":"minecraft:scute","functions":[{"function":"minecraft:set_nbt","tag":"{rwt:{maxUses:5,buy:{id:\"minecraft:emerald\",Count:5b}}}"}]},{"type":"minecraft:item","name":"minecraft:sea_pickle","functions":[{"function":"minecraft:set_nbt","tag":"{rwt:{maxUses:5,buy:{id:\"minecraft:emerald\",Count:2b}}}"}]},{"type":"minecraft:item","name":"minecraft:seagrass","functions":[{"function":"minecraft:set_nbt","tag":"{rwt:{maxUses:12,buy:{id:\"minecraft:emerald\",Count:1b}}}"},{"function":"minecraft:set_count","count":4}]},{"type":"minecraft:item","name":"minecraft:kelp","functions":[{"function":"minecraft:set_nbt","tag":"{rwt:{maxUses:12,buy:{id:\"minecraft:emerald\",Count:1b}}}"}]}]}]}