{"pools":[{"rolls":1,"entries":[{"type":"minecraft:item","name":"minecraft:fishing_rod","weight":50,"functions":[{"function":"minecraft:set_nbt","tag":"{rwt:{maxUses:3,buy:{id:\"minecraft:emerald\",Count:12b}}}"},{"function":"minecraft:enchant_with_levels","levels":30,"treasure":true}]},{"type":"minecraft:item","name":"minecraft:trident","weight":30,"functions":[{"function":"minecraft:set_nbt","tag":"{rwt:{maxUses:2,buy:{id:\"minecraft:emerald\",Count:18b}}}"},{"function":"minecraft:enchant_with_levels","levels":30,"treasure":false,"conditions":[{"condition":"minecraft:random_chance","chance":0.3}]}]},{"type":"minecraft:item","name":"minecraft:heart_of_the_sea","weight":10,"functions":[{"function":"minecraft:set_nbt","tag":"{rwt:{maxUses:4,buy:{id:\"minecraft:emerald\",Count:12b}}}"}]},{"type":"minecraft:item","name":"minecraft:sponge","weight":10,"functions":[{"function":"minecraft:set_nbt","tag":"{rwt:{maxUses:4,buy:{id:\"minecraft:emerald\",Count:12b}}}"}]}]}]}