{"pools":[{"rolls":1,"entries":[{"type":"minecraft:item","name":"minecraft:lily_pad","functions":[{"function":"minecraft:set_nbt","tag":"{rwt:{maxUses:5,buy:{id:\"minecraft:emerald\",Count:1b}}}"},{"function":"minecraft:set_count","count":2}]},{"type":"minecraft:item","name":"minecraft:vine","functions":[{"function":"minecraft:set_nbt","tag":"{rwt:{maxUses:12,buy:{id:\"minecraft:emerald\",Count:1b}}}"}]},{"type":"minecraft:item","name":"minecraft:mangrove_propagule","functions":[{"function":"minecraft:set_nbt","tag":"{rwt:{maxUses:8,buy:{id:\"minecraft:emerald\",Count:5b}}}"}]}]}]}