{"pools":[{"rolls":1,"entries":[{"type":"minecraft:item","name":"minecraft:dandelion"},{"type":"minecraft:item","name":"minecraft:poppy"},{"type":"minecraft:item","name":"minecraft:blue_orchid"},{"type":"minecraft:item","name":"minecraft:allium"},{"type":"minecraft:item","name":"minecraft:azure_bluet"},{"type":"minecraft:item","name":"minecraft:red_tulip"},{"type":"minecraft:item","name":"minecraft:orange_tulip"},{"type":"minecraft:item","name":"minecraft:white_tulip"},{"type":"minecraft:item","name":"minecraft:pink_tulip"},{"type":"minecraft:item","name":"minecraft:oxeye_daisy"},{"type":"minecraft:item","name":"minecraft:cornflower"},{"type":"minecraft:item","name":"minecraft:lily_of_the_valley"}],"functions":[{"function":"minecraft:set_nbt","tag":"{rwt:{maxUses:12,buy:{id:\"minecraft:emerald\",Count:1b}}}"}]}]}