{"pools":[{"rolls":1,"entries":[{"type":"minecraft:item","name":"minecraft:honeycomb","functions":[{"function":"minecraft:set_nbt","tag":"{rwt:{maxUses:8,buy:{id:\"minecraft:emerald\",Count:1b}}}"},{"function":"minecraft:set_count","count":3}]},{"type":"minecraft:item","name":"minecraft:honey_block","functions":[{"function":"minecraft:set_nbt","tag":"{rwt:{maxUses:4,buy:{id:\"minecraft:emerald\",Count:3b}}}"}]},{"type":"minecraft:item","name":"minecraft:honeycomb","functions":[{"function":"minecraft:set_nbt","tag":"{rwt:{maxUses:8,buy:{id:\"minecraft:emerald\",Count:1b}}}"}]}]}]}