{"pools":[{"rolls":1,"entries":[{"type":"minecraft:item","name":"minecraft:ender_pearl","functions":[{"function":"minecraft:set_nbt","tag":"{rwt:{maxUses:4,buy:{id:\"minecraft:chorus_flower\",Count:2b}}}"},{"function":"minecraft:set_count","count":16}]},{"type":"minecraft:item","name":"minecraft:ender_pearl","functions":[{"function":"minecraft:set_nbt","tag":"{rwt:{maxUses:8,buy:{id:\"minecraft:chorus_flower\",Count:1b}}}"}]},{"type":"minecraft:item","name":"minecraft:ender_pearl","functions":[{"function":"minecraft:set_nbt","tag":"{rwt:{maxUses:16,buy:{id:\"minecraft:chorus_flower\",Count:1b}}}"},{"function":"minecraft:set_count","count":4}]}]}]}