{"pools":[{"rolls":1,"entries":[{"type":"minecraft:item","name":"minecraft:dragon_breath","functions":[{"function":"minecraft:set_nbt","tag":"{rwt:{maxUses:8,buy:{id:\"minecraft:chorus_flower\",Count:3b}}}"}]},{"type":"minecraft:item","name":"minecraft:splash_potion","functions":[{"function":"minecraft:set_nbt","tag":"{Potion:\"minecraft:slow_falling\",rwt:{maxUses:4,buy:{id:\"minecraft:chorus_flower\",Count:2b}}}"}]},{"type":"minecraft:item","name":"minecraft:obsidian","functions":[{"function":"minecraft:set_nbt","tag":"{rwt:{maxUses:4,buy:{id:\"minecraft:chorus_flower\",Count:1b}}}"},{"function":"minecraft:set_count","count":8}]},{"type":"minecraft:item","name":"minecraft:splash_potion","functions":[{"function":"minecraft:set_nbt","tag":"{CustomPotionEffects:[{Id:25b,Amplifier:0b,Duration:300}],CustomPotionColor:13039098,rwt:{maxUses:8,buy:{id:\"minecraft:chorus_flower\",Count:5b},buyB:{id:\"minecraft:potion\",Count:1b,tag:{Potion:\"minecraft:slow_falling\"}}}}"},{"function":"minecraft:set_name","name":{"text":"Splash Potion of Levitation","italic":false}}]}]}]}